{"startX": 178.816650390625, "startY": 40.133331298828125, "endX": 221.816650390625, "endY": 116.13333129882812}